Workbook

Sheet Roadmap
A1: As Águas de Apsu — Roadmap Scrum (25/09/2026 a 04/12/2026)
A2: Sprints de 1 semana (sexta a quinta): planning sexta, daily 15 min, review/retro quinta. S10 fecha na sexta 04/12 com demo/release.
A4: Sprint | B4: Início | C4: Fim | D4: Objetivo (Sprint Goal) | E4: Nº tarefas | F4: Horas planejadas
A5: 1 | B5: 46290 | C5: 46296 | D5: Fundação: board, convenções, baseline QA | E5: =COUNTIF(Backlog!$A:$A,A5) -> 10 | F5: =SUMIFS(Backlog!$I:$I,Backlog!$A:$A,A5) -> 46
A6: 2 | B6: 46297 | C6: 46303 | D6: P1 Águas Claras — vertical slice | E6: =COUNTIF(Backlog!$A:$A,A6) -> 9 | F6: =SUMIFS(Backlog!$I:$I,Backlog!$A:$A,A6) -> 54
A7: 3 | B7: 46304 | C7: 46310 | D7: P1 aceite + P2 Cavernas de Coral (início) | E7: =COUNTIF(Backlog!$A:$A,A7) -> 7 | F7: =SUMIFS(Backlog!$I:$I,Backlog!$A:$A,A7) -> 51
A8: 4 | B8: 46311 | C8: 46317 | D8: P2 Cavernas de Coral — aceite | E8: =COUNTIF(Backlog!$A:$A,A8) -> 7 | F8: =SUMIFS(Backlog!$I:$I,Backlog!$A:$A,A8) -> 50
A9: 5 | B9: 46318 | C9: 46324 | D9: P3 Correntes Abissais | E9: =COUNTIF(Backlog!$A:$A,A9) -> 7 | F9: =SUMIFS(Backlog!$I:$I,Backlog!$A:$A,A9) -> 55
A10: 6 | B10: 46325 | C10: 46331 | D10: P3 aceite + P4 Abismo Vulcânico (início) | E10: =COUNTIF(Backlog!$A:$A,A10) -> 7 | F10: =SUMIFS(Backlog!$I:$I,Backlog!$A:$A,A10) -> 56
A11: 7 | B11: 46332 | C11: 46338 | D11: P4 Abismo Vulcânico + sub-boss (Rafa reduzido dia 11/11) | E11: =COUNTIF(Backlog!$A:$A,A11) -> 8 | F11: =SUMIFS(Backlog!$I:$I,Backlog!$A:$A,A11) -> 54
A12: 8 | B12: 46339 | C12: 46345 | D12: P5 Templo de Apsu — boss Kullullû | E12: =COUNTIF(Backlog!$A:$A,A12) -> 7 | F12: =SUMIFS(Backlog!$I:$I,Backlog!$A:$A,A12) -> 63
A13: 9 | B13: 46346 | C13: 46352 | D13: P5 aceite + integração global, mix, bug bash | E13: =COUNTIF(Backlog!$A:$A,A13) -> 7 | F13: =SUMIFS(Backlog!$I:$I,Backlog!$A:$A,A13) -> 60
A14: 10 | B14: 46353 | C14: 46360 | D14: Hardening, regressão final, release (demo 04/12) | E14: =COUNTIF(Backlog!$A:$A,A14) -> 7 | F14: =SUMIFS(Backlog!$I:$I,Backlog!$A:$A,A14) -> 48
D15: Total | E15: =SUM(E5:E14) -> 76 | F15: =SUM(F5:F14) -> 537
A17: Papéis
A18: Rafa (PO) | D18: Product Owner; dono do core, mecânica (empuxo, movimentação, boss) e aceite
A19: Marcos (SM) | D19: Scrum Master; cerimônias, impedimentos, KanbanFlow; VFX/integração e otimização (capacidade parcial)
A20: Erik (QA/Áudio) | D20: QA de todas as fases + SFX/música/áudio
A21: Cawe | D21: Modelagem 3D: heróis (Adapa) e NPCs (Enki, guardiões, Lamassu, Oráculo)
A22: Wagner | D22: Modelagem 3D: inimigos, sub-boss e boss (Kullullû)
A23: Carlos Eduardo | D23: Modelagem 3D: elementos de cenário e cenas de cada fase (panoramas, layers, arena)

Sheet Backlog
A1: Sprint | B1: Início | C1: Fim | D1: ID | E1: Épico | F1: Tarefa | G1: Responsável | H1: Fase | I1: Estimativa (h) | J1: Prioridade | K1: Critério de aceite | L1: Cor KanbanFlow
A2: 1 | B2: 46290 | C2: 46296 | D2: APSU-001 | E2: Scrum/Gestão | F2: Montar board KanbanFlow (colunas Backlog/Sprint/Fazendo/Review/QA/Done, swimlanes por responsável, labels por fase) | G2: Rafa (PO) | H2: Geral | I2: 3 | J2: Alta | K2: Board criado, membros convidados, cores por épico | L2: white
A3: 1 | B3: 46290 | C3: 46296 | D3: APSU-002 | E3: Scrum/Gestão | F3: Priorizar Product Backlog a partir do README (itens PENDENTE/A DEFINIR) | G3: Rafa (PO) | H3: Geral | I3: 4 | J3: Alta | K3: Backlog ordenado com critério de aceite por item | L3: white
A4: 1 | B4: 46290 | C4: 46296 | D4: APSU-003 | E4: Mecânica | F4: Documentar parâmetros de empuxo/arrasto/velocidade do core e tour do código (GameContext, model, core) para o time | G4: Rafa (PO) | H4: Geral | I4: 4 | J4: Alta | K4: Doc curto + sessão de 1h gravada | L4: blue
A5: 1 | B5: 46290 | C5: 46296 | D5: APSU-004 | E5: Scrum/Gestão | F5: Definir cerimônias (planning sexta, daily 15min, review/retro quinta), DoR e DoD | G5: Marcos (SM) | H5: Geral | I5: 3 | J5: Alta | K5: DoR/DoD publicadas no board | L5: white
A6: 1 | B6: 46290 | C6: 46296 | D6: APSU-005 | E6: Scrum/Gestão | F6: Garantir ambiente de todos (Java 21, Maven, make, Blender, FFmpeg) e fluxo de PR/CODEOWNERS | G6: Marcos (SM) | H6: Geral | I6: 4 | J6: Alta | K6: 6/6 rodando make e make test | L6: white
A7: 1 | B7: 46290 | C7: 46296 | D7: APSU-006 | E7: QA | F7: Baseline QA: jogar P1–P5, registrar bugs/severidade com template padrão | G7: Erik (QA/Áudio) | H7: P1–P5 | I7: 6 | J7: Alta | K7: Planilha de bugs com evidência e commit | L7: yellow
A8: 1 | B8: 46290 | C8: 46296 | D8: APSU-007 | E8: Áudio | F8: Auditar AudioCue/EventBus e mapear cues faltantes por fase | G8: Erik (QA/Áudio) | H8: P1–P5 | I8: 4 | J8: Média | K8: Mapa de eventos com produtor/consumidor/prioridade | L8: cyan
A9: 1 | B9: 46290 | C9: 46296 | D9: APSU-008 | E9: Heróis/NPCs | F9: Convenções 3D: escala, pivô, eixo frontal, export OBJ/MTL, nomenclatura fase+função+estado; auditar Adapa base (polígonos/materiais) | G9: Cawe | H9: Geral | I9: 6 | J9: Alta | K9: Guia de 1 página + relatório do Adapa | L9: green
A10: 1 | B10: 46290 | C10: 46296 | D10: APSU-009 | E10: Inimigos/Boss | F10: Auditar inimigos comuns (escala, orientação, materiais, polígonos) | G10: Wagner | H10: P1–P3 | I10: 6 | J10: Alta | K10: Tabela por modelo com problemas | L10: red
A11: 1 | B11: 46290 | C11: 46296 | D11: APSU-010 | E11: Cenário/Cena | F11: Auditar panoramas e props; listar camadas midground/foreground por fase | G11: Carlos Eduardo | H11: P1–P5 | I11: 6 | J11: Alta | K11: Lista de camadas por fase aprovada pelo PO | L11: orange
A12: 2 | B12: 46297 | C12: 46303 | D12: APSU-011 | E12: Mecânica | F12: Tuning de nado P1: empuxo, arrasto quadrático, inclinação ±20° | G12: Rafa (PO) | H12: P1 | I12: 6 | J12: Alta | K12: Controle estável, sem tremor | L12: blue
A13: 2 | B13: 46297 | C13: 46303 | D13: APSU-012 | E13: Mecânica | F13: Feel do ataque de bolha (cadência, alcance, hit) | G13: Rafa (PO) | H13: P1 | I13: 4 | J13: Média | K13: Aprovado em playtest do time | L13: blue
... A77: 10 | B77: 46353 | C77: 46360 | D77: APSU-076 | E77: QA | F77: Regressão final e assinatura do checklist de QA do README | G77: Erik (QA/Áudio) | H77: P1–P5 | I77: 10 | J77: Alta | K77: Checklist assinado; demo 04/12 | L77: yellow

Sheet Capacidade
A1: Carga planejada (h) por responsável e sprint vs capacidade semanal
A2: Capacidade semanal é PREMISSA minha (células azuis) — ajuste conforme a disponibilidade real de cada um.
A4: Responsável | B4: Cap. semanal (h) | C4: S1 | D4: S2 | E4: S3 | F4: S4 | G4: S5 | H4: S6 | I4: S7 | J4: S8 | K4: S9 | L4: S10 | M4: Total
A5: Rafa (PO) | B5: 12 | C5: =SUMIFS(Backlog!$I:$I,Backlog!$G:$G,$A5,Backlog!$A:$A,1) -> 11 | D5: =SUMIFS(Backlog!$I:$I,Backlog!$G:$G,$A5,Backlog!$A:$A,2) -> 10 | E5: =SUMIFS(Backlog!$I:$I,Backlog!$G:$G,$A5,Backlog!$A:$A,3) -> 6 | F5: =SUMIFS(Backlog!$I:$I,Backlog!$G:$G,$A5,Backlog!$A:$A,4) -> 8 | G5: =SUMIFS(Backlog!$I:$I,Backlog!$G:$G,$A5,Backlog!$A:$A,5) -> 10 | H5: =SUMIFS(Backlog!$I:$I,Backlog!$G:$G,$A5,Backlog!$A:$A,6) -> 8 | I5: =SUMIFS(Backlog!$I:$I,Backlog!$G:$G,$A5,Backlog!$A:$A,7) -> 6 | J5: =SUMIFS(Backlog!$I:$I,Backlog!$G:$G,$A5,Backlog!$A:$A,8) -> 12 | K5: =SUMIFS(Backlog!$I:$I,Backlog!$G:$G,$A5,Backlog!$A:$A,9) -> 8 | L5: =SUMIFS(Backlog!$I:$I,Backlog!$G:$G,$A5,Backlog!$A:$A,10) -> 10 | M5: =SUM(C5:L5) -> 89
A6: Marcos (SM) | B6: 8 | C6: =SUMIFS(Backlog!$I:$I,Backlog!$G:$G,$A6,Backlog!$A:$A,1) -> 7 | D6: =SUMIFS(Backlog!$I:$I,Backlog!$G:$G,$A6,Backlog!$A:$A,2) -> 6 | E6: =SUMIFS(Backlog!$I:$I,Backlog!$G:$G,$A6,Backlog!$A:$A,3) -> 5 | F6: =SUMIFS(Backlog!$I:$I,Backlog!$G:$G,$A6,Backlog!$A:$A,4) -> 5 | G6: =SUMIFS(Backlog!$I:$I,Backlog!$G:$G,$A6,Backlog!$A:$A,5) -> 5 | H6: =SUMIFS(Backlog!$I:$I,Backlog!$G:$G,$A6,Backlog!$A:$A,6) -> 5 | I6: =SUMIFS(Backlog!$I:$I,Backlog!$G:$G,$A6,Backlog!$A:$A,7) -> 8 | J6: =SUMIFS(Backlog!$I:$I,Backlog!$G:$G,$A6,Backlog!$A:$A,8) -> 6 | K6: =SUMIFS(Backlog!$I:$I,Backlog!$G:$G,$A6,Backlog!$A:$A,9) -> 8 | L6: =SUMIFS(Backlog!$I:$I,Backlog!$G:$G,$A6,Backlog!$A:$A,10) -> 6 | M6: =SUM(C6:L6) -> 61
A7: Erik (QA/Áudio) | B7: 12 | C7: =SUMIFS(Backlog!$I:$I,Backlog!$G:$G,$A7,Backlog!$A:$A,1) -> 10 | D7: =SUMIFS(Backlog!$I:$I,Backlog!$G:$G,$A7,Backlog!$A:$A,2) -> 10 | E7: =SUMIFS(Backlog!$I:$I,Backlog!$G:$G,$A7,Backlog!$A:$A,3) -> 10 | F7: =SUMIFS(Backlog!$I:$I,Backlog!$G:$G,$A7,Backlog!$A:$A,4) -> 11 | G7: =SUMIFS(Backlog!$I:$I,Backlog!$G:$G,$A7,Backlog!$A:$A,5) -> 12 | H7: =SUMIFS(Backlog!$I:$I,Backlog!$G:$G,$A7,Backlog!$A:$A,6) -> 11 | I7: =SUMIFS(Backlog!$I:$I,Backlog!$G:$G,$A7,Backlog!$A:$A,7) -> 12 | J7: =SUMIFS(Backlog!$I:$I,Backlog!$G:$G,$A7,Backlog!$A:$A,8) -> 13 | K7: =SUMIFS(Backlog!$I:$I,Backlog!$G:$G,$A7,Backlog!$A:$A,9) -> 16 | L7: =SUMIFS(Backlog!$I:$I,Backlog!$G:$G,$A7,Backlog!$A:$A,10) -> 14 | M7: =SUM(C7:L7) -> 119
A8: Cawe | B8: 10 | C8: =SUMIFS(Backlog!$I:$I,Backlog!$G:$G,$A8,Backlog!$A:$A,1) -> 6 | D8: =SUMIFS(Backlog!$I:$I,Backlog!$G:$G,$A8,Backlog!$A:$A,2) -> 12 | E8: =SUMIFS(Backlog!$I:$I,Backlog!$G:$G,$A8,Backlog!$A:$A,3) -> 10 | F8: =SUMIFS(Backlog!$I:$I,Backlog!$G:$G,$A8,Backlog!$A:$A,4) -> 8 | G8: =SUMIFS(Backlog!$I:$I,Backlog!$G:$G,$A8,Backlog!$A:$A,5) -> 10 | H8: =SUMIFS(Backlog!$I:$I,Backlog!$G:$G,$A8,Backlog!$A:$A,6) -> 10 | I8: =SUMIFS(Backlog!$I:$I,Backlog!$G:$G,$A8,Backlog!$A:$A,7) -> 8 | J8: =SUMIFS(Backlog!$I:$I,Backlog!$G:$G,$A8,Backlog!$A:$A,8) -> 8 | K8: =SUMIFS(Backlog!$I:$I,Backlog!$G:$G,$A8,Backlog!$A:$A,9) -> 8 | L8: =SUMIFS(Backlog!$I:$I,Backlog!$G:$G,$A8,Backlog!$A:$A,10) -> 6 | M8: =SUM(C8:L8) -> 86
A9: Wagner | B9: 10 | C9: =SUMIFS(Backlog!$I:$I,Backlog!$G:$G,$A9,Backlog!$A:$A,1) -> 6 | D9: =SUMIFS(Backlog!$I:$I,Backlog!$G:$G,$A9,Backlog!$A:$A,2) -> 8 | E9: =SUMIFS(Backlog!$I:$I,Backlog!$G:$G,$A9,Backlog!$A:$A,3) -> 10 | F9: =SUMIFS(Backlog!$I:$I,Backlog!$G:$G,$A9,Backlog!$A:$A,4) -> 8 | G9: =SUMIFS(Backlog!$I:$I,Backlog!$G:$G,$A9,Backlog!$A:$A,5) -> 8 | H9: =SUMIFS(Backlog!$I:$I,Backlog!$G:$G,$A9,Backlog!$A:$A,6) -> 12 | I9: =SUMIFS(Backlog!$I:$I,Backlog!$G:$G,$A9,Backlog!$A:$A,7) -> 12 | J9: =SUMIFS(Backlog!$I:$I,Backlog!$G:$G,$A9,Backlog!$A:$A,8) -> 14 | K9: =SUMIFS(Backlog!$I:$I,Backlog!$G:$G,$A9,Backlog!$A:$A,9) -> 10 | L9: =SUMIFS(Backlog!$I:$I,Backlog!$G:$G,$A9,Backlog!$A:$A,10) -> 6 | M9: =SUM(C9:L9) -> 94
A10: Carlos Eduardo | B10: 10 | C10: =SUMIFS(Backlog!$I:$I,Backlog!$G:$G,$A10,Backlog!$A:$A,1) -> 6 | D10: =SUMIFS(Backlog!$I:$I,Backlog!$G:$G,$A10,Backlog!$A:$A,2) -> 8 | E10: =SUMIFS(Backlog!$I:$I,Backlog!$G:$G,$A10,Backlog!$A:$A,3) -> 10 | F10: =SUMIFS(Backlog!$I:$I,Backlog!$G:$G,$A10,Backlog!$A:$A,4) -> 10 | G10: =SUMIFS(Backlog!$I:$I,Backlog!$G:$G,$A10,Backlog!$A:$A,5) -> 10 | H10: =SUMIFS(Backlog!$I:$I,Backlog!$G:$G,$A10,Backlog!$A:$A,6) -> 10 | I10: =SUMIFS(Backlog!$I:$I,Backlog!$G:$G,$A10,Backlog!$A:$A,7) -> 8 | J10: =SUMIFS(Backlog!$I:$I,Backlog!$G:$G,$A10,Backlog!$A:$A,8) -> 10 | K10: =SUMIFS(Backlog!$I:$I,Backlog!$G:$G,$A10,Backlog!$A:$A,9) -> 10 | L10: =SUMIFS(Backlog!$I:$I,Backlog!$G:$G,$A10,Backlog!$A:$A,10) -> 6 | M10: =SUM(C10:L10) -> 88
A12: Laranja = carga acima da capacidade semanal (rebalancear no planning).
